total_rows,total_columns,numeric_columns,categorical_columns,missing_values,memory_usage_mb,numeric_summary
1000,12,8,3,0,0.2632255554199219,"{'Impressions': {'count': 1000.0, 'mean': 50326.622, 'std': 28377.319036844106, 'min': 1138.0, '25%': 25033.75, '50%': 51091.5, '75%': 75118.25, 'max': 99934.0}, 'Clicks': {'count': 1000.0, 'mean': 3971.819, 'std': 3113.7361765596356, 'min': 29.0, '25%': 1374.75, '50%': 3212.0, '75%': 5972.75, 'max': 14344.0}, 'Cost': {'count': 1000.0, 'mean': 2438.46494, 'std': 1432.5062351887516, 'min': 50.92, '25%': 1197.9675, '50%': 2386.345, '75%': 3682.7475, 'max': 4988.23}, 'Conversions': {'count': 1000.0, 'mean': 608.48, 'std': 624.2906842637158, 'min': 1.0, '25%': 148.75, '50%': 382.5, '75%': 895.75, 'max': 3722.0}, 'Revenue': {'count': 1000.0, 'mean': 166339.28329914756, 'std': 198084.7147158119, 'min': 0.0, '25%': 31141.952901211418, '50%': 90380.28939442863, '75%': 229855.41081985977, 'max': 1260026.2659509506}, 'Bounce_Rate': {'count': 1000.0, 'mean': 50.40803, 'std': 17.042368754133086, 'min': 20.1, '25%': 36.455, '50%': 50.785, '75%': 64.85249999999999, 'max': 79.99}, 'Avg_Session_Duration': {'count': 1000.0, 'mean': 320.214, 'std': 169.13764734011096, 'min': 30.0, '25%': 171.75, '50%': 317.5, '75%': 474.25, 'max': 599.0}, 'Quality_Score': {'count': 1000.0, 'mean': 5.684, 'std': 2.8181706985358583, 'min': 1.0, '25%': 3.0, '50%': 6.0, '75%': 8.0, 'max': 10.0}}"
